Nazi Zombies Remastered Mod is brought to you by JB!,
Loading map with Nazi Zombies Remastered Mod by JB!,
Currently playing with Nazi Zombies Remastered Mod by JB.,
This mod was created to preserve and expand Nazi Zombies.,
Did you know? Every original Nazi Zombies map has received new content in this mod.,
Check out the Gamepad setting to enable the fully recreated console HUD!,
New weapons have been added to the Mystery Box!,
Make sure to explore each map for new items and buyables!,
Use the new settings in Game Options to customize the game to your liking!,
Looking for more to do? Achievements have been added to all four maps.,
View and track your stats through the Intel menu page., 
Did you know this mod adds cut content leftover from the game files?,
Don't forget to submit your highest rounds to the community leaderboard!, 
Think you found a bug? Please let the mod developer know.,
Perhaps this mod has new secrets. They await your discovery...